Algorithm,Silhouette Score,Calinski-Harabasz Index,Davies-Bouldin Index,Number of Clusters
K-Means,0.1252477152386477,1206.7285348845405,2.416948828896798,3
GMM,0.12190995855867919,1187.3719165370837,2.533734828545367,3
DBSCAN,0.1343799670090577,432.8921719570995,2.352963561033529,16
